<?xml version="1.0" encoding="utf-8"?>
<eml:eml xmlns:eml="eml://ecoinformatics.org/eml-2.1.1" xmlns:xsi="http://www.w3.org/2001/XMLSchema-instance"
         xsi:schemaLocation="eml://ecoinformatics.org/eml-2.1.1 http://rs.gbif.org/schema/eml-gbif-profile/1.1/eml.xsd"
        packageId="1d4371c4-af34-42e7-83f6-b9f50bd0c5a0"  system="http://gbif.org" scope="system"
  xml:lang="es">

<dataset>
      <alternateIdentifier>10.15472/hhdavj</alternateIdentifier>
        <alternateIdentifier>https://ipt.biodiversidad.co/sib/resource?r=bioma-sas_registrosfauna-bahiasolano</alternateIdentifier>
    <title>Caracterización de Fauna para el plan de Etnodesarrollo de Bahía Cupica, Chocó</title>
    <creator>
    <individualName>
<givenName>Diego</givenName>          <surName>Restrepo Gaviria</surName>
    </individualName>
<organizationName>Bioma SAS</organizationName><positionName>Coordinador de proyectos</positionName>    <address>
<deliveryPoint>calle 13 # 32 - 17</deliveryPoint><city>Sabanalarga</city><administrativeArea>Atlantico</administrativeArea><country>COLOMBIA</country>    </address>
<phone>3008234967</phone><electronicMailAddress>operts@gmail.com</electronicMailAddress>    </creator>
    <creator>
    <individualName>
<givenName>Fernanda</givenName>          <surName>Tique Bernal</surName>
    </individualName>
<organizationName>Bioma SAS</organizationName><positionName>Biológa</positionName>    <address>
<city>Medellín</city><administrativeArea>Antioquia</administrativeArea><country>COLOMBIA</country>    </address>
<electronicMailAddress>fernanda.tique@gmail.com</electronicMailAddress>    </creator>
    <creator>
    <individualName>
<givenName>Ivan</givenName>          <surName>Lau Lavera</surName>
    </individualName>
<organizationName>Consejo comunitario Bahia Cupica</organizationName><positionName>Miembro del consejo</positionName>    <address>
<deliveryPoint>Corregimiento de Bahía Cupica</deliveryPoint><city>Bahía Solano</city><administrativeArea>Chocó</administrativeArea><country>COLOMBIA</country>    </address>
<electronicMailAddress>consejocomunitarioadecupica@hotmail.com</electronicMailAddress>    </creator>
    <creator>
    <individualName>
<givenName>Marlon</givenName>          <surName>González Vargas</surName>
    </individualName>
<organizationName>Consejo comunitario Bahia Cupica</organizationName><positionName>Miembro del consejo</positionName>    <address>
<deliveryPoint>Corregimiento de Bahía Cupica</deliveryPoint><city>Bahía Solano</city><administrativeArea>Chocó</administrativeArea><country>COLOMBIA</country>    </address>
<electronicMailAddress>consejocomunitarioadecupica@hotmail.com</electronicMailAddress>    </creator>
    <creator>
    <individualName>
<givenName>Jackeline</givenName>          <surName>Rivera Gomez</surName>
    </individualName>
<organizationName>Consejo comunitario Bahia Cupica</organizationName><positionName>Miembro del consejo</positionName>    <address>
<deliveryPoint>Corregimiento de Bahía Cupica</deliveryPoint><city>Bahía Solano</city><administrativeArea>Chocó</administrativeArea><country>COLOMBIA</country>    </address>
<electronicMailAddress>consejocomunitarioadecupica@hotmail.com</electronicMailAddress>    </creator>
    <creator>
    <individualName>
<givenName>Yanni</givenName>          <surName>Palacios Arboleda</surName>
    </individualName>
<organizationName>Consejo comunitario Bahia Cupica</organizationName><positionName>Miembro del consejo</positionName>    <address>
<deliveryPoint>Corregimiento de Bahía Cupica</deliveryPoint><city>Bahía Solano</city><administrativeArea>Chocó</administrativeArea><country>COLOMBIA</country>    </address>
<electronicMailAddress>consejocomunitarioadecupica@hotmail.com</electronicMailAddress>    </creator>
    <creator>
    <individualName>
<givenName>Santiago</givenName>          <surName>Varela Velásquez</surName>
    </individualName>
<organizationName>Consejo comunitario Bahia Cupica</organizationName><positionName>Miembro del consejo</positionName>    <address>
<deliveryPoint>Corregimiento de Bahía Cupica</deliveryPoint><city>Bahía Solano</city><administrativeArea>Chocó</administrativeArea><country>COLOMBIA</country>    </address>
<electronicMailAddress>consejocomunitarioadecupica@hotmail.com</electronicMailAddress>    </creator>
    <creator>
    <individualName>
<givenName>Sergio</givenName>          <surName>Montoya Arango</surName>
    </individualName>
<organizationName>Consejo comunitario Bahia Cupica</organizationName><positionName>Miembro del consejo</positionName>    <address>
<deliveryPoint>Corregimiento de Bahía Cupica</deliveryPoint><city>Bahía Solano</city><administrativeArea>Chocó</administrativeArea><country>COLOMBIA</country>    </address>
<electronicMailAddress>consejocomunitarioadecupica@hotmail.com</electronicMailAddress>    </creator>
    <creator>
    <individualName>
<givenName>David</givenName>          <surName>Vanegas Giraldo</surName>
    </individualName>
<organizationName>Consejo comunitario Bahia Cupica</organizationName><positionName>Miembro del consejo</positionName>    <address>
<deliveryPoint>Corregimiento de Bahía Cupica</deliveryPoint><city>Bahía Solano</city><administrativeArea>Chocó</administrativeArea><country>COLOMBIA</country>    </address>
<electronicMailAddress>consejocomunitarioadecupica@hotmail.com</electronicMailAddress>    </creator>
    <creator>
    <individualName>
<givenName>Juan</givenName>          <surName>Castillo Thomas</surName>
    </individualName>
<organizationName>Consejo comunitario Bahia Cupica</organizationName><positionName>Miembro del consejo</positionName>    <address>
<deliveryPoint>Corregimiento de Bahía Cupica</deliveryPoint><city>Bahía Solano</city><administrativeArea>Chocó</administrativeArea><country>COLOMBIA</country>    </address>
<electronicMailAddress>consejocomunitarioadecupica@hotmail.com</electronicMailAddress>    </creator>
    <creator>
    <individualName>
<givenName>Tomas</givenName>          <surName>Hinestroza Koppel</surName>
    </individualName>
<organizationName>Consejo comunitario Bahia Cupica</organizationName><positionName>Miembro del consejo</positionName>    <address>
<deliveryPoint>Corregimiento de Bahía Cupica</deliveryPoint><city>Bahía Solano</city><administrativeArea>Chocó</administrativeArea><country>COLOMBIA</country>    </address>
<electronicMailAddress>consejocomunitarioadecupica@hotmail.com</electronicMailAddress>    </creator>
    <creator>
    <individualName>
<givenName>Victor</givenName>          <surName>Martínez Arias</surName>
    </individualName>
<organizationName>Consejo comunitario Bahia Cupica</organizationName><positionName>Miembro del consejo</positionName>    <address>
<deliveryPoint>Corregimiento de Bahía Cupica</deliveryPoint><city>Bahía Solano</city><administrativeArea>Chocó</administrativeArea><country>COLOMBIA</country>    </address>
<electronicMailAddress>consejocomunitarioadecupica@hotmail.com</electronicMailAddress>    </creator>
    <creator>
    <individualName>
<givenName>Avelino</givenName>          <surName>Blanquicet</surName>
    </individualName>
<organizationName>Consejo comunitario Bahia Cupica</organizationName><positionName>Miembro del consejo</positionName>    <address>
<deliveryPoint>Corregimiento de Bahía Cupica</deliveryPoint><city>Bahía Solano</city><administrativeArea>Chocó</administrativeArea><country>COLOMBIA</country>    </address>
<electronicMailAddress>consejocomunitarioadecupica@hotmail.com</electronicMailAddress>    </creator>
    <creator>
    <individualName>
<givenName>Abigail</givenName>          <surName>Mosquera</surName>
    </individualName>
<organizationName>Consejo comunitario Bahia Cupica</organizationName><positionName>Miembro del consejo</positionName>    <address>
<deliveryPoint>Corregimiento de Bahía Cupica</deliveryPoint><city>Bahía Solano</city><administrativeArea>Chocó</administrativeArea><country>COLOMBIA</country>    </address>
<electronicMailAddress>consejocomunitarioadecupica@hotmail.com</electronicMailAddress>    </creator>
    <creator>
    <individualName>
<givenName>Wilmer</givenName>          <surName>Valois</surName>
    </individualName>
<organizationName>Consejo comunitario Bahia Cupica</organizationName><positionName>Miembro del consejo</positionName>    <address>
<deliveryPoint>Corregimiento de Bahía Cupica</deliveryPoint><city>Bahía Solano</city><administrativeArea>Chocó</administrativeArea><country>COLOMBIA</country>    </address>
<electronicMailAddress>consejocomunitarioadecupica@hotmail.com</electronicMailAddress>    </creator>
    <metadataProvider>
    <individualName>
<givenName>Diego</givenName>          <surName>Restrepo Gaviria</surName>
    </individualName>
<organizationName>Bioma SAS</organizationName><positionName>Coordinador de proyectos</positionName>    <address>
<deliveryPoint>calle 13 # 32 - 17</deliveryPoint><city>Sabanalarga</city><administrativeArea>Atlantico</administrativeArea><country>COLOMBIA</country>    </address>
<phone>3008234967</phone><electronicMailAddress>operts@gmail.com</electronicMailAddress>    </metadataProvider>
    <metadataProvider>
    <individualName>
<givenName>Fernanda</givenName>          <surName>Tique Bernal</surName>
    </individualName>
<organizationName>Bioma SAS</organizationName><positionName>Bióloga</positionName>    <address>
<city>Medellin</city><administrativeArea>Antioquia</administrativeArea><country>COLOMBIA</country>    </address>
<electronicMailAddress>fernanda.tique92@gmail.com</electronicMailAddress>    </metadataProvider>
    <associatedParty>
    <individualName>
          <surName>Bioma SAS</surName>
    </individualName>
<organizationName>Bioma SAS</organizationName><positionName>Consultora ambiental</positionName>    <address>
<deliveryPoint>Cra. 47 No. 76-235</deliveryPoint><city>Barranquilla</city><administrativeArea>Atlántico</administrativeArea><country>COLOMBIA</country>    </address>
<phone>(+0057 5) 30 10 436</phone><onlineUrl>http://www.biomaconsultores.co/</onlineUrl>    <role>AUTHOR</role>
    </associatedParty>
      <pubDate>
      2021-11-11
      </pubDate>
    <language>SPANISH</language>
    <abstract>
        <para>El consejo comunitario de Cupica del municipio de Bahía Solano-Chocó, elaboro de su plan de etnodesarrollo con el fin de proponer ideas de uso sostenible de los recursos naturales y de esta manera fortalecer la autonomía como grupo étnico.</para>
        <para>Se realizaron actividades de caracterización biológica  del territorio para poder tener un contexto de este, sumado a sus saberes tradicionales y culturales y de esta manera poder tomar decisiones que vayan encaminadas al desarrollo sostenible en el tiempo, dando uso adecuado a sus recursos naturales, y poder generar estrategias de emprendimiento adicionales al avistamiento de ballenas, como son el ecoturismo, avistamiento de aves, pesca responsable, senderismo, turismo de aventuras, medicina natural, entre otros.
Este recurso contiene 696 registros de animales abarcando 250 especies, entre las que se encuentran el Jaguar, la Coral y el Paujil del Chocó.</para>
    </abstract>
        <keywordSet>
              <keyword>Reptiles</keyword>
              <keyword>Anfibios</keyword>
              <keyword>Bahía Solano</keyword>
              <keyword>Mamíferos</keyword>
              <keyword>Aves</keyword>
              <keywordThesaurus>n/a</keywordThesaurus>
        </keywordSet>
        <keywordSet>
              <keyword>Occurrence</keyword>
              <keywordThesaurus>GBIF Dataset Type Vocabulary: http://rs.gbif.org/vocabulary/gbif/dataset_type.xml</keywordThesaurus>
        </keywordSet>
        <keywordSet>
              <keyword>Observation</keyword>
              <keywordThesaurus>GBIF Dataset Subtype Vocabulary: http://rs.gbif.org/vocabulary/gbif/dataset_subtype.xml</keywordThesaurus>
        </keywordSet>
      <intellectualRights>
        <para>This work is licensed under a <ulink url="http://creativecommons.org/licenses/by-nc/4.0/legalcode"><citetitle>Creative Commons Attribution Non Commercial (CC-BY-NC) 4.0 License</citetitle></ulink>.</para>
      </intellectualRights>
      <coverage>
            <geographicCoverage>
                  <geographicDescription>Como zona de estudio, Cupica se encuentra en el centro occidente del departamento de Chocó, formando parte del municipio de Bahía Solano y comprendiendo un área total de 27423.21 Ha. El sector presenta una incalculable importancia biológica puesto que se ubica en la confluencia de cinco distritos biogeográficos (Hernández Camacho et al. 1992): Aspave-Elli, Jurado, Baudó, Utría y Murrí.</geographicDescription>
                  <boundingCoordinates>
                      <westBoundingCoordinate>-77.717</westBoundingCoordinate>
                      <eastBoundingCoordinate>-77.157</eastBoundingCoordinate>
                      <northBoundingCoordinate>6.839</northBoundingCoordinate>
                      <southBoundingCoordinate>6.424</southBoundingCoordinate>
                  </boundingCoordinates>
            </geographicCoverage>
          <temporalCoverage>
            <rangeOfDates>
              <beginDate>
                <calendarDate>      2020-08-11
</calendarDate>
              </beginDate>
              <endDate>
                <calendarDate>      2020-08-21
</calendarDate>
              </endDate>
            </rangeOfDates>
          </temporalCoverage>
              <taxonomicCoverage>
                    <generalTaxonomicCoverage>Este recurso contiene 696 registros de animales, distribuidos en 4 clases, 34 ordenes, 85 familias, 211 géneros y 250 especies. Entre las especies se destaca la presencial del Jaguar, el Paujil del Chocó y la Coral. El Carriquí pechiblanco (Cyanocorax affinis) fue el animal má observado con 13 registros.</generalTaxonomicCoverage>
                    <taxonomicClassification>
                          <taxonRankName>Species</taxonRankName>
                        <taxonRankValue>Panthera onca</taxonRankValue>
                          <commonName>Jaguar</commonName>
                    </taxonomicClassification>
                    <taxonomicClassification>
                          <taxonRankName>Species</taxonRankName>
                        <taxonRankValue>Crax rubra</taxonRankValue>
                          <commonName>Paujil del Chocó</commonName>
                    </taxonomicClassification>
                    <taxonomicClassification>
                          <taxonRankName>Species</taxonRankName>
                        <taxonRankValue>Micrurus nigrocinctus</taxonRankValue>
                          <commonName>Coral</commonName>
                    </taxonomicClassification>
                    <taxonomicClassification>
                          <taxonRankName>Class</taxonRankName>
                        <taxonRankValue>Amphibia</taxonRankValue>
                    </taxonomicClassification>
                    <taxonomicClassification>
                          <taxonRankName>Class</taxonRankName>
                        <taxonRankValue>Aves</taxonRankValue>
                    </taxonomicClassification>
                    <taxonomicClassification>
                          <taxonRankName>Class</taxonRankName>
                        <taxonRankValue>Mammalia</taxonRankValue>
                    </taxonomicClassification>
                    <taxonomicClassification>
                          <taxonRankName>Class</taxonRankName>
                        <taxonRankValue>Reptilia</taxonRankValue>
                    </taxonomicClassification>
              </taxonomicCoverage>
      </coverage>
      <maintenance>
          <description>
              <para></para>
          </description>
          <maintenanceUpdateFrequency>unkown</maintenanceUpdateFrequency>
      </maintenance>
      <contact>
    <individualName>
<givenName>Diego</givenName>          <surName>Restrepo Gaviria</surName>
    </individualName>
<organizationName>Bioma SAS</organizationName><positionName>Coordinador de proyectos</positionName>    <address>
<deliveryPoint>calle 13 # 32 - 17</deliveryPoint><city>Sabanalarga</city><administrativeArea>Atlantico</administrativeArea><country>COLOMBIA</country>    </address>
<phone>3008234967</phone><electronicMailAddress>operts@gmail.com</electronicMailAddress>      </contact>
      <contact>
    <individualName>
<givenName>Heli</givenName>          <surName>Arciniegas Tasco</surName>
    </individualName>
<organizationName>Bioma SAS</organizationName><positionName>Representante legal</positionName>    <address>
<deliveryPoint>Calle 68 # 50-88 interior 2</deliveryPoint><city>Barranquilla</city><administrativeArea>Atlantico</administrativeArea><country>COLOMBIA</country>    </address>
<phone>3168292543</phone><electronicMailAddress>eliar86@hotmail.com</electronicMailAddress>      </contact>
      <methods>
            <methodStep>
                <description>
                    <para>Herpetofauna (anfibios y reptiles):
Para el muestreo de anfibios y reptiles se realizaron recorridos libres con restricción de tiempo de una hora, en los cuales se realizaron observaciones y búsquedas en todos los microhábitats con posible presencia de anfibios y reptiles, tales como la hojarasca, arbustos, árboles, bajo troncos o piedras. Los recorridos fueron diurnos (de 8:00 a 12:00) y nocturnos (entre las 17:00 y las 22:00). Para el muestreo se utilizó un gancho herpetológico y una linterna de cabeza de 500 lúmenes de potencia. 
Todos los individuos observados fueron identificados de forma visual en campo y no fue necesaria su manipulación o colecta definitiva para colección en museo.
En total, se realizaron 37 recorridos libres, los cuales corresponden a 74 horas*hombre, puesto que los recorridos fueron realizados por un profesional biólogo y un auxiliar de campo.</para>
                </description>
            </methodStep>
            <methodStep>
                <description>
                    <para>Aves:
Buscando caracterizar las especies de aves presentes en la Bahía de Cupica se establecieron nueve transectos en las diferentes coberturas (territorios artificializados y/o agrícolas, bosque). permitiendo cuantificar la diversidad de aves para cada una de estas coberturas vegetales. Cada transecto tuvo una longitud de 100 metros, un ancho fijo de 100 metros (50 metros a cada lado), una duración de 45 minutos y se ubicó al menos a 200 metros de los demás, siendo visitado entre una y tres ocasiones. Para las coberturas de Mangle y otras presentes en el polígono no se establecieron transectos para muestreo sistemático ya que presentaban limitantes logísticas para lograrlos realizar en los horarios establecidos para este tipo de muestreo (horarios óptimos de actividad de aves), por ejemplo: no fue posible realizar transectos de mangle con la distancia y duración definida, o no se podía llegar al área de la cobertura porque era de difícil acceso. Sin embargo, por medio de otros métodos complementarios se lograron incluir las especies de aves presentes en estas otras coberturas y hábitats en la composición de especies para Bahía Cupica, aunque no en los análisis comparativos entre coberturas. El diseño metodológico para el grupo de aves siguió las recomendaciones de diversos autores (Bibby et al. 1998, Villarreal et al. 2004), tomando datos de abundancia de las especies de aves por medio de la observación directa con binoculares, que se considera el método más efectivo para estudiar la composición y estructura de las aves (Stiles &amp; Rosselli 1998), complementado por medio de registros auditivos que son considerados fundamentales en este tipo de estudios (Brewster &amp; Simons 2009), especialmente en zonas con gran densidad vegetal. 
Adicional al muestreo sistemático se realizaron recorridos libres con el fin de complementar los registros de los transectos, donde para cada día se realizaba un nuevo listado de aves con sus respectivas abundancias. Estos recorridos también incluyeron muestreos nocturnos y crepusculares, buscando incluir aquellas especies que presentan diferentes patrones de actividad temporal que las aves diurnas. Todas observaciones fueron realizadas entre el 11 y el 21 de agosto del año 2020. Además, se revisó el material recolectado por las 15 cámaras de fototrampeo usadas en el muestreo para los mamíferos, pretendiendo complementar el listado total del área de estudio.</para>
                </description>
            </methodStep>
            <methodStep>
                <description>
                    <para>Mamíferos:
Instalación de cámaras trampa 
Buscando caracterizar las especies de mamíferos presentes en la Bahía de Cupica Se ubicaron 15 cámaras trampa (Bushnell Trophy Cam), en sitios con posible presencia de mamíferos. Para esto se tuvo en cuenta la presencia de caminos, bordes de bosque y cuerpos de agua, y con el fin de aumentar la probabilidad de detección se emplearon sardinas como atrayente (Lizcano, 2018). Cada cámara se sujetó a un árbol a una altura de aproximadamente 30 cm del suelo. 
Búsqueda de rastros 
Para el estudio de los mamíferos medianos y grandes, se realizaron recorridos a lo largo de las áreas de estudio, y se emplearon métodos de detección indirecta como búsqueda de rastros (Huellas, heces, pelos, madrigueras, restos de alimentos o cualquier otro indicio de actividad).</para>
                </description>
            </methodStep>
            <sampling>
                <studyExtent>
                    <description>
                        <para>Como zona de estudio, Cupica se encuentra en el centro occidente del departamento de Chocó, formando parte del municipio de Bahía Solano y comprendiendo un área total de 27423.21 Ha.</para>
                    </description>
                </studyExtent>
                <samplingDescription>
                    <para>Describir la biodiversidad continental asociada a la bahía de Cupica y algunos aspectos sobre los saberes, creencias y relaciones de las comunidades locales con las especies, como insumo para plantear iniciativas de desarrollo sostenible.</para>
                </samplingDescription>
            </sampling>
      </methods>

      <project >
          <title>Caracterización de Fauna para el plan de Etnodesarrollo de Bahía Cupica, Chocó</title>
          <personnel>
    <individualName>
<givenName>Diego</givenName>          <surName>Restrepo Gaviria</surName>
    </individualName>
    <role>CONTENT_PROVIDER</role>
          </personnel>
          <personnel>
    <individualName>
<givenName>Fernanda</givenName>          <surName>Tique Bernal</surName>
    </individualName>
    <role>PUBLISHER</role>
          </personnel>
          <personnel>
    <individualName>
<givenName>Consejo comunitario Bahia Cupica</givenName>          <surName>Chocó</surName>
    </individualName>
    <role>OWNER</role>
          </personnel>
          <abstract>
              <para>El consejo comunitario de Cupica del municipio de Bahía Solano-Chocó, elaboro de su plan de etnodesarrollo con el fin de proponer ideas de uso sostenible de los recursos naturales y de esta manera fortalecer la autonomía como grupo étnico.
Se realizaron actividades de caracterización biológica  del territorio para poder tener un contexto de este, sumado a sus saberes tradicionales y culturales y de esta manera poder tomar decisiones que vayan encaminadas al desarrollo sostenible en el tiempo, dando uso adecuado a sus recursos naturales, y poder generar estrategias de emprendimiento adicionales al avistamiento de ballenas, como son el ecoturismo, avistamiento de aves, pesca responsable, senderismo, turismo de aventuras, medicina natural, entre otros.</para>
          </abstract>
          <funding>
              <para>Bonos de carbono del proyecto REDD+ Cupica - Delfines.</para>
          </funding>
      </project>
</dataset>

<additionalMetadata>
    <metadata>
      <gbif>
        <dateStamp>2022-02-23T05:24:36Z</dateStamp>
      <citation identifier="https://doi.org/10.15472/hhdavj">Restrepo Gaviria D, Tique Bernal F, Lau Lavera I, González Vargas M, Rivera Gomez J, Palacios Arboleda Y, Varela Velásquez S, Montoya Arango S, Vanegas Giraldo D, Castillo Thomas J, Hinestroza Koppel T, Martínez Arias V, Blanquicet A, Mosquera A, Valois W (2021). Caracterización de Fauna para el plan de Etnodesarrollo de Bahía Cupica, Chocó. Consejo Comunitario de Cupica Rio, Selva y Mar. Occurrence dataset https://doi.org/10.15472/hhdavj accessed via GBIF.org on 2022-02-23.</citation>
              <bibliography>
      <citation>Hernández-Camacho, J., Hurtado-Guerra, A., Ortiz-Quijano, R., &amp; Walschburger, T. 1992. Unidades biogeográficas de Colombia. Pp. 105–152 in Halffter, G. (ed). La Diversidad Biológica de Iberoamérica I: Programa Iberoamericano de Ciencia y Tecnología para el Desarrollo. Instituto de Ecología A.C. Acta Zoológica Mexicana. México.</citation>
      <citation>Martínez-Arias, V. M., &amp; S. Solari. 2013. Extensión del área de distribución de Sturnira koopmanhilli McCarthy et al. 2006 en Colombia. Therya 4: 617–625.</citation>
      <citation>Lizcano, D. (2018). Trampas cámara como herramienta para estudiar mamíferos silvestres: algunas recomendaciones sobre su uso, programas disponibles para manejar archivos y posibilidades adicionales con los datos. Mammalogy notes, 5(1), 31-35.</citation>
      <citation>Stiles, G., &amp; L. Rosselli. 1998. Inventario de las aves de un bosque altoandino: comparación de dos métodos. Rev. Caldasia 20: 29–43.</citation>
      <citation>Bibby, C., M. Jones, &amp; S. Marsden. 1998. Expedition Field Techniques BIRD SURVEYS. Expedition advisory centre. Available at http://scholar.google.com/scholar?hl=en&amp;btnG=Search&amp;q=intitle:Expedition+Field+Techniques+BIRD+SURVEYS#0.</citation>
      <citation>Brewster, J. P., &amp; T. R. Simons. 2009. Testing the importance of auditory detections in avian point counts. J. F. Ornithol. 80: 178–182.</citation>
      <citation>Villarreal, H., M. Álvarez, S. Córdoba, F. Escobar, G. Fagua, F. Gast, H. Mendoza, M. Ospina, &amp; A. M. Umaña. 2004. Manual de métodos para el desarrollo de inventarios de biodiversidad.</citation>
              </bibliography>
              <resourceLogoUrl>https://statics.sibcolombia.net/sib-resources/images/logos-socios/500px/Cupica.png</resourceLogoUrl>
      </gbif>
    </metadata>
</additionalMetadata>

</eml:eml>
