<?xml version="1.0" encoding="utf-8"?>
<eml:eml xmlns:eml="eml://ecoinformatics.org/eml-2.1.1" xmlns:xsi="http://www.w3.org/2001/XMLSchema-instance"
         xsi:schemaLocation="eml://ecoinformatics.org/eml-2.1.1 http://rs.gbif.org/schema/eml-gbif-profile/1.1/eml.xsd"
        packageId="82a65706-f762-11e1-a439-00145eb45e9a"  system="http://gbif.org" scope="system"
  xml:lang="en">

<dataset>
      <alternateIdentifier>10.15468/iftvxc</alternateIdentifier>
        <alternateIdentifier>14159</alternateIdentifier>
    <title>Partial Amphibians Collection</title>
    <associatedParty>
    <individualName>
          <surName>Alain Merguin</surName>
    </individualName>
<electronicMailAddress>alain.merguin@ville-ge.ch</electronicMailAddress>    <role>TECHNICAL_POINT_OF_CONTACT</role>
    </associatedParty>
    <language>en</language>
    <abstract>
        <para>Historical and recent of the amphibian (Amphibia) of the MHNG, including very large collections of J. L. Amiet, J.-L. Perret and G. Onore as well as many results from recent MHNG field expeditions. Main strength: Western and Central Africa (especially Cameroon) and South America (especially Ecuador). Numerous types.</para>
    </abstract>
      <intellectualRights>
        <para>This work is licensed under a <ulink url="http://creativecommons.org/licenses/by-nc/4.0/legalcode"><citetitle>Creative Commons Attribution Non Commercial (CC-BY-NC) 4.0 License</citetitle></ulink>.</para>
      </intellectualRights>
      <distribution scope="document">
          <online>
              <url function="information">http://www.ville-ge.ch/mhng/dpt_erpi_coll.php</url>
          </online>
      </distribution>
      <contact>
    <individualName>
          <surName>Dr. Sonia Fisch-Muller</surName>
    </individualName>
<electronicMailAddress>sonia.fisch-muller@ville-ge.ch</electronicMailAddress>      </contact>

</dataset>

<additionalMetadata>
    <metadata>
      <gbif>
        <dateStamp>2022-02-23T05:24:38Z</dateStamp>
      <citation>Muséum d&apos;histoire naturelle de la Ville de Genève - MHNG. Partial Amphibians Collection. Occurrence dataset https://doi.org/10.15468/iftvxc accessed via GBIF.org on 2022-02-23.</citation>
              <resourceLogoUrl>http://data.gbif.ch/gbif-portal/institutions/3/logo</resourceLogoUrl>
      </gbif>
    </metadata>
</additionalMetadata>

</eml:eml>
