<?xml version="1.0" encoding="utf-8"?>
<eml:eml xmlns:eml="eml://ecoinformatics.org/eml-2.1.1" xmlns:xsi="http://www.w3.org/2001/XMLSchema-instance"
         xsi:schemaLocation="eml://ecoinformatics.org/eml-2.1.1 http://rs.gbif.org/schema/eml-gbif-profile/1.1/eml.xsd"
        packageId="a3d3150a-6a85-4e42-885f-c273509a808e"  system="http://gbif.org" scope="system"
  xml:lang="en">

<dataset>
      <alternateIdentifier>10.15468/22edij</alternateIdentifier>
        <alternateIdentifier>https://collections.ala.org.au/public/show/dr732</alternateIdentifier>
        <alternateIdentifier>a1d1aa55-9488-322c-ac4b-c7aa5ebc9ee5</alternateIdentifier>
        <alternateIdentifier>http://collections.ala.org.au/public/show/dr732</alternateIdentifier>
        <alternateIdentifier>a3d3150a-6a85-4e42-885f-c273509a808e</alternateIdentifier>
        <alternateIdentifier>694dffea-9aa4-353b-9a40-f9a5817f0f08</alternateIdentifier>
        <alternateIdentifier>f2b0dd25-8345-3069-ae8a-f3c138196428</alternateIdentifier>
    <title>Northern Gulf Fauna Survey</title>
    <creator>
<organizationName>Northern Gulf Fauna Survey</organizationName>    </creator>
    <creator>
<organizationName>Northern Gulf Resource Management Group Ltd</organizationName>    </creator>
    <metadataProvider>
<organizationName>Northern Gulf Fauna Survey</organizationName>    </metadataProvider>
    <associatedParty>
<organizationName>Atlas of Living Australia</organizationName>    <address>
<deliveryPoint>CSIRO Ecosystems Services</deliveryPoint><city>Canberra</city><administrativeArea>ACT</administrativeArea><postalCode>2601</postalCode><country>AUSTRALIA</country>    </address>
    <role>DISTRIBUTOR</role>
    </associatedParty>
      <pubDate>
      2019-09-26
      </pubDate>
    <language>ENGLISH</language>
    <abstract>
        <para>Contains data on terrestrial vertebrate fauna of Queensland. Compiled from a series of on-ground terrestrial surveys undertaken in the Northern Gulf NRM Region, employing standardised methods to investigate and recommend a methodology for monitoring biodiversity condition in the Northern Gulf grazing lands.  The surveys specifically measured species and which species preferred different landtypes. Also recorded was habitat attributes including tree diversity, cover, species richness and woody debris.  This dataset only contains fauna data and not habitat or flora data.

This dataset was created to help understand how to manage and maintain and monitor biodiversity values within grazing systems. Once the fauna data from the on ground surveys was compiled there followed testing against biodiversity condition assessment metrics.

The dataset includes terrestrial fauna information from the Northern Gulf NRM Region and includes four bioregions: Gulf Plains, Einasleigh Uplands, Wet Tropics and Cape York Peninsular. 287 sites were surveyed on ten land types, 111 quadrats were surveyed twice resulting in a total number of 398 quadrats.

Study sites were chosen within Land types and related to available Regional Ecosystem information at the time. Land Types are as categorised by DEEDI through research incorporating local knowledge. The regional ecosystem data is still not complete. 

Data was desensitized by intersecting point observations with IBRA 6.1 subregions shapefile. Therefore the centroid of the polygon is not the location of the species.

Data was collected due to the support provided by the Australian Government&amp;#39;s Natural Heritage Trust and Q2 Coasts and Country programme.</para>
    </abstract>
      <intellectualRights>
        <para>This work is licensed under a <ulink url="http://creativecommons.org/licenses/by-nc/4.0/legalcode"><citetitle>Creative Commons Attribution Non Commercial (CC-BY-NC) 4.0 License</citetitle></ulink>.</para>
      </intellectualRights>
      <distribution scope="document">
          <online>
              <url function="information">https://collections.ala.org.au/public/show/dr732</url>
          </online>
      </distribution>
      <contact>
<organizationName>Atlas of Living Australia</organizationName>    <address>
<deliveryPoint>CSIRO Ecosystems Services</deliveryPoint><city>Canberra</city><administrativeArea>ACT</administrativeArea><postalCode>2601</postalCode><country>AUSTRALIA</country>    </address>
      </contact>
      <methods>
      </methods>

</dataset>

<additionalMetadata>
    <metadata>
      <gbif>
        <dateStamp>2022-02-23T05:24:37Z</dateStamp>
      <citation>Northern Gulf Resource Management Group Ltd (2019). Northern Gulf Fauna Survey. Occurrence dataset https://doi.org/10.15468/22edij accessed via GBIF.org on 2022-02-23.</citation>
      </gbif>
    </metadata>
</additionalMetadata>

</eml:eml>
